id,nombre,apellidos,email
1,Ario,Noteyoung,anoteyoung0@nhs.uk
2,Minni,Endon,mendon1@netvibes.com
3,Bartie,Burnard,bburnard2@indiatimes.com
4,Bud,Badrock,bbadrockrp@clickbank.net
5,Ced,Lorie,clorierq@yolasite.com
6,Gisele,Wigmore,gwigmorerr@nature.com
7,Julio,Iglesias,jiglesias@mail.es
8,Mario,Rossi,mrossi@mail.es